Article Headlines,Article URLs,Keywords,Similarity Weights
"New York magazine writer Olivia Nuzzi placed on leave after disclosing RFK relationship|||New York mag puts reporter Olivia Nuzzi on leave for alleged 'personal relationship' with RFK Jr.|||Reporter Olivia Nuzzi’s relationship with RFK Jr. triggers backlashThe relationship was never physical, Nuzzi said, and a spokesperson for Robert F. Kennedy Jr. deflected the story.By Will SommerSeptember 20, 2024|||Olivia Nuzzi, New York Magazine Writer, Put on Leave Over R.F.K. Jr. Relationship",https://www.cnn.com/2024/09/19/media/olivia-nuzzi-rfk-relationship-new-york-magazine/index.html|||https://www.foxnews.com/media/new-york-mag-puts-reporter-olivia-nuzzi-leave-alleged-personal-relationship-rfk-jr|||https://www.washingtonpost.com/style/media/2024/09/20/olivia-nuzzi-rfk-jr-robert-kennedy-relationship/|||https://www.nytimes.com/2024/09/20/business/media/olivia-nuzzi-rfk-jr.html,jr|||leave|||magazine|||new|||nuzzi|||olivia|||relationship|||reporter|||rfk|||writer|||york,1.8508585095405579
"Israel strikes Hezbollah targets as conflict intensifies|||Israel strikes Hezbollah targets in Lebanon after two rounds of device explosions|||Israel’s clash with Hezbollah strains U.S. effort to prevent wider war|||Israel and Hezbollah Threaten to Hit Harder, Raising Fears of All-Out War",https://www.cnn.com/world/live-news/israel-lebanon-hezbollah-09-23-24-intl-hnk/index.html|||https://www.foxnews.com/world/israel-strikes-hezbollah-targets-lebanon-after-two-rounds-device-explosions|||https://www.washingtonpost.com/national-security/2024/09/19/us-influence-lebanon-israel-hezbollah-attacks/|||https://www.nytimes.com/2024/09/22/world/middleeast/israel-hezbollah-conflict.html,hezbollah|||israel|||target|||war,1.806601881980896
"If you own a home or hope to buy one soon, what does the Fed’s interest rate cut mean for you?|||Fed cuts interest rates for first time in 4 years – here's what that means for your wallet|||What the Fed’s rate cut means for consumers, businesses and investors|||Should You Refinance Your Mortgage After the Fed’s Interest Rate Cut?",https://www.cnn.com/2024/09/20/business/interest-rate-cut-homeowners-buyers/index.html|||https://www.foxbusiness.com/personal-finance/federal-reserve-interest-rate-cut|||https://www.washingtonpost.com/business/2024/09/18/fed-interest-rate-cut-mortgage-car-loans/|||https://www.nytimes.com/2024/09/19/business/mortgage-rates-refinance-fed-rate-cut.html,fed|||rate,1.568085864186287
"Elon Musk didn’t show up for testimony in a probe over his $44 billion Twitter takeover. Now the SEC wants sanctions|||SEC will seek sanctions against Elon Musk in Twitter probe over failure to appear in court|||Elon Musk’s misleading election claims reach millions and alarm election officialsSeptember 10|||What Trump Did to the G.O.P., Musk Did to Twitter",https://www.cnn.com/2024/09/20/tech/sec-sanctions-elon-musk-testimony-twitter-probe/index.html|||https://www.foxbusiness.com/fox-news-tech/sec-seek-sanctions-against-elon-musk-twitter-probe-over-failure-appear-court|||https://www.washingtonpost.com/politics/2024/09/10/elon-musk-illegal-immigrant-voting-misinformation/|||https://www.nytimes.com/2024/09/20/opinion/trump-elon-musk-twitter-x.html,election|||elon|||musk|||probe|||sanction|||sec|||twitter,1.477124109864235
The Fed surprised many investors with a jumbo rate cut this week. It won’t get much easier to predict the next move|||Will the Fed's rate cut bring down mortgage rates?|||The Fed cuts ratesSeptember 19|||What’s Next for Rate Cuts? The Fed Is Watching Jobs and Prices.,https://www.cnn.com/2024/09/20/economy/fed-rate-cut-uncertainty-wall-street/index.html|||https://www.foxbusiness.com/economy/will-feds-rate-cut-bring-down-mortgage-rates|||https://www.washingtonpost.com/opinions/2024/09/19/ramirez-cartoon-fed-interest-rates/|||https://www.nytimes.com/2024/09/20/business/economy/fed-rate-cuts-jobs-inflation.html,cut|||fed|||rate,1.388184517621994
"Former CIA officer reacts to pager explosions and escalating tensions in Middle East|||Israel degrades Iran-backed Hezbollah terrorists in spectacular pager explosion operation: experts|||Exploding pagers leave clues to Israeli ‘red button’ plot, officials sayCurrent and former security officials say the attack capped a multiyear effort, involving rigged electronics and European front companies, to penetrate Hezbollah.By Greg Miller, Cate Brown, Loveday Morris, Shira Rubin and Jon SwaineSeptember 21, 2024|||Israel’s Pager Attacks Have Changed the World",https://www.cnn.com/2024/09/22/world/video/israel-hezbollah-attacks-beirut-former-cia-baer-nr-digvid|||https://www.foxnews.com/world/israel-degrades-iran-backed-hezbollah-terrorists-spectacular-pager-explosion-operation-experts|||https://www.washingtonpost.com/world/2024/09/21/israel-lebanon-hezbollah-exploding-pagers/|||https://www.nytimes.com/2024/09/22/opinion/israel-pager-attacks-supply-chain.html,attack|||explosion|||israel|||official|||pager,1.3121521174907684
"How did the Hezbollah pager explosions happen? 5 things to know|||How did pagers explode in Lebanon and why was Hezbollah using them? Here’s what we know|||Taiwanese firm Gold Apollo and Hungary deny links to exploded Hezbollah pagersThe pagers, deemed by Hezbollah to be safer than cellphones, were probably rigged with explosives before they were delivered to Lebanon, experts said.By Vic Chiang, Patrik Galavits and Karla AdamSeptember 18, 2024",https://www.foxnews.com/world/how-did-hezbollah-pager-explosions-happen-things-know|||https://www.cnn.com/2024/09/17/middleeast/lebanon-pager-attack-explosions-hezbollah-explainer-intl-latam/index.html|||https://www.washingtonpost.com/world/2024/09/18/gold-apollo-hezbollah-lebanon-pagers/,hezbollah|||lebanon|||pager,0.8014830350875854
"Senior Hezbollah commander among 31 killed in Israeli airstrike in southern Beirut|||Hezbollah identifies second top commander killed in Israeli airstrike in Lebanon|||What to know about Hezbollah, the group targeted by Israel in LebanonHezbollah is one of the most powerful militant groups in the Middle East, a major political and social force in Lebanon, and a decades-long opponent of Israel.By Anika Arora Seth, Adam Taylor and Victoria BissetSeptember 21, 2024",https://www.cnn.com/2024/09/20/world/israeli-strike-senior-hezbollah-official-beirut-intl/index.html|||https://www.foxnews.com/world/hezbollah-identifies-second-top-commander-killed-israeli-airstrike-lebanon|||https://www.washingtonpost.com/world/2024/08/01/hezbollah-israel-war-lebanon/,airstrike|||commander|||group|||hezbollah|||israeli|||lebanon,0.7445224225521088
"Europe will loan war-torn Ukraine up to $39 billion as part of G7 pledge|||E.U. to loan Ukraine up to $39 billion backed by frozen Russian assetsG-7 nations had promised Ukraine at least $50 billion using frozen Russian assets, but there were differences between the United States and the European Union over implementation.By Ellen Francis and Beatriz RíosSeptember 20, 2024|||With $39 Billion Loan for Ukraine, Europe Moves Ahead Without U.S.",https://www.cnn.com/2024/09/20/business/european-union-ukraine-35-billion-loan/index.html|||https://www.washingtonpost.com/world/2024/09/20/ukraine-eu-europe-loan-von-der-leyen/|||https://www.nytimes.com/2024/09/20/business/ukraine-aid-russian-assets.html,europe|||frozen|||loan|||russian|||ukraine,0.7328231334686279
"US launches online passport renewal service|||Online passport renewal now more widely available, State Department says|||Travel Docs Update: Online Passport Renewal and Digital Driver’s Licenses",https://www.cnn.com/2024/09/18/politics/us-launches-online-passport-renewal-service/index.html|||https://www.foxbusiness.com/lifestyle/online-passport-renewal-now-more-widely-available-state-department-says|||https://www.nytimes.com/2024/09/19/travel/passports-real-id-travelers.html,online|||passport|||renewal,0.7249742150306702
The iPhone 16 is available right now — here’s who should (and shouldn’t) upgrade|||Apple iPhone 16: Speculation abounds about the latest phone and announcement date|||(Illustration by Elena Lacey/The Washington Post; iStock)When is the best time to buy a new iPhone 16? We crunched the numbers.And pro tip: Switching to a smaller cellphone company may be the best way to save money.By Shira OvideSeptember 20,https://www.cnn.com/cnn-underscored/electronics/should-you-upgrade-to-iphone-16|||https://www.foxbusiness.com/technology/apple-iphone-16-speculation-abounds-about-latest-phone-announcement-date|||https://www.washingtonpost.com/technology/2024/09/20/iphone-16-best-time-to-buy-phone-deals-free/,good|||iphone,0.7184891402721405
"Former Harrods owner Mohamed Al Fayed a ‘monster,’ say lawyers representing his alleged victims|||Mohamed al-Fayed, billionaire and friend of U.K. royalty, accused of rapeLondon’s Harrods department store must take responsibility, said a legal team representing 37 accusers, including six Americans.By Karla AdamSeptember 20, 2024|||Mohamed al-Fayed ‘Was a Monster Enabled by a System,’ Lawyers Say",https://www.cnn.com/2024/09/20/world/harrods-mohamed-al-fayed-monster-intl/index.html|||https://www.washingtonpost.com/world/2024/09/19/harrods-ex-owner-mohamed-al-fayed-accused/|||https://www.nytimes.com/2024/09/20/world/europe/mohamed-al-fayed-harrods.html,al|||fayed|||lawyer|||monster,0.7155070304870605
"Ancient remains of Egyptian army barracks and a bronze sword unearthed by archaeologists|||Ancient sword from the era of Moses, Book of Exodus uncovered in Egypt|||Sword with pharaoh’s mark found in Egypt, still shimmering 3,000 years laterThe bronze sword was unearthed by archaeologists at an ancient fort in the Nile Delta. It was emblazoned with the signature emblem of Ancient Egyptian pharaoh Ramses II.By Leo SandsSeptember 19, 2024",https://www.cnn.com/2024/09/17/science/egypt-army-barracks-sword-intl-scli/index.html|||https://www.foxnews.com/lifestyle/ancient-sword-era-moses-book-exodus-uncovered-egypt|||https://www.washingtonpost.com/history/2024/09/19/ancient-egypt-military-sword-archaeology-fort/,ancient|||archaeologist|||bronze|||egypt|||egyptian|||pharaoh|||sword,0.7133552134037018
"Kamala Harris to skip historic Al Smith Dinner in New York before election, campaign official says|||Kamala Harris plans to skip historic Al Smith dinner despite long-standing tradition|||Kamala Harris gets an interview assist",https://www.cnn.com/2024/09/21/politics/al-smith-dinner-kamala-harris-catholic/index.html|||https://www.foxnews.com/politics/kamala-harris-plans-skip-historic-al-smith-dinner-despite-long-standing-tradition-report|||https://www.washingtonpost.com/opinions/2024/08/29/michael-ramirez-cartoon-kamala-harris-interview-cnn/,al|||dinner|||harris|||historic|||kamala|||smith,0.713172435760498
"What we know about the Birmingham shooting that left 4 people dead|||Mass shooting in Alabama leaves 4 dead, at least 18 others wounded, no arrests made: police|||4 Killed in Shooting Near University of Alabama at Birmingham",https://www.cnn.com/2024/09/23/us/birmingham-shooting-what-we-know/index.html|||https://www.foxnews.com/us/mass-shooting-alabama-leaves-4-dead-at-least-others-wounded-arrests-police|||https://www.nytimes.com/2024/09/22/us/shooting-birmingham-alabama.html,alabama|||birmingham|||dead|||shooting,0.7108539044857025
"Mortgage rates drop to lowest since early February 2023 after Fed’s jumbo interest rate cut|||Inflation drops to lowest level since Feb. 2021 as Fed plans rate cutWith inflation cooling and worries about the job market spreading, the central bank is expected to announce a long-awaited rate cut next week.By Rachel SiegelSeptember 11, 2024|||30-Year Mortgage Rate Drops to 6.09% After Fed Rate Cut",https://www.cnn.com/2024/09/19/economy/us-existing-home-sales-august/index.html|||https://www.washingtonpost.com/business/2024/09/11/cpi-inflation-fed-rates/|||https://www.nytimes.com/2024/09/19/business/mortgage-rates-fed-rate-cut.html,fed|||inflation|||low|||mortgage|||rate,0.7101658880710602
"What to know about Hezbollah, the group targeted by Israel in LebanonHezbollah is one of the most powerful militant groups in the Middle East, a major political and social force in Lebanon, and a decades-long opponent of Israel.By Anika Arora Seth, Adam Taylor and Victoria BissetSeptember 21, 2024|||Israel-Hezbollah attacks escalate|||Israel vs. Hamas, Hezbollah, Iran — and Itself",https://www.washingtonpost.com/world/2024/08/01/hezbollah-israel-war-lebanon/|||https://www.cnn.com/world/live-news/israel-lebanon-attacks-09-22-24/index.html|||https://www.nytimes.com/2024/09/20/opinion/ezra-klein-podcast-david-remnick.html,group|||hezbollah|||israel,0.7034243643283844
Hezbollah fires rockets deep into northern Israel as tensions flare. Here’s what we know|||Israel’s war front shifts dramatically to north against Iran-backed Hezbollah terrorists|||Monday Briefing: Israel and Hezbollah Trade Threats,https://www.cnn.com/2024/09/22/middleeast/israel-hezbollah-cross-border-fire-explainer-intl/index.html|||https://www.foxnews.com/world/israels-war-front-shifts-dramatically-north-against-iran-backed-hezbollah-terrorists|||https://www.nytimes.com/2024/09/22/briefing/hezbollah-israel-trump-germany.html,hezbollah|||israel,0.6998201310634613
"‘The Substance’: What to know about Demi Moore’s powerhouse new film|||ReviewBeauty — and monstrosity — are skin deep in ‘The Substance’Demi Moore plays an aging, egocentric star in this gonzo horror-comedy.By Ty BurrSeptember 19, 2024|||Patricia Field: Her Joyful, Chaotic Fashion Sense Gets a Film to Match",https://www.cnn.com/2024/09/21/entertainment/demi-moore-the-substance/index.html|||https://www.washingtonpost.com/entertainment/movies/2024/09/19/substance-demi-moore-horror-review/|||https://www.nytimes.com/2024/09/20/movies/happy-clothes-review-patricia-field-doc.html,film|||moore,0.6836595833301544
"Live Updates Israel-Hezbollah attacks escalate|||Lebanon explosions: Hezbollah apparently targeted as pagers detonate, several dead, thousands hurt|||Israel’s clash with Hezbollah strains U.S. effort to prevent wider warSeptember 19",https://www.cnn.com/world/live-news/israel-lebanon-attacks-09-22-24/index.html|||https://www.foxnews.com/world/lebanon-explosions-dozens-wounded-after-pagers-detonate-state-media-report|||https://www.washingtonpost.com/national-security/2024/09/19/us-influence-lebanon-israel-hezbollah-attacks/,hezbollah|||israel,0.6792478561401367
"Fed cuts interest rates by a half-point, more expected this yearThe Federal Reserve is slated to cut interest rates in its meeting Wednesday. Follow along for live updates on the Fed interest rate decision.By Washington Post staffSeptember 18, 2024|||Smart moves to make when the Fed starts cutting rates|||Fed interest rate cuts won't help your credit card debt",https://www.washingtonpost.com/business/2024/09/18/fed-meeting-interest-rate-cut-decision-live-fomc/|||https://www.cnn.com/2024/07/27/success/fed-interest-rate-cuts-debt-savings/index.html|||https://www.foxbusiness.com/personal-finance/fed-interest-rate-cuts-wont-help-your-credit-card-debt,fed|||rate,0.6722202301025391
"Ukraine claims to have destroyed large Russian ammunition depot in overnight drone attack|||Ukrainian drone strike on Russia causes earthquake-sized blast picked up from space|||Ukrainian drones hit missile warehouse deep in Russia in massive blastThe apparently successful drone attack comes as Ukraine is pushing its Western allies to lift restrictions on the missiles they have supplied for more such attacks on Russia.By David L. Stern, Natalia Abbakumova and Robyn DixonSeptember 18, 2024",https://www.cnn.com/2024/09/18/europe/ukraine-russian-weapons-depot-drone-attack-intl/index.html|||https://www.foxnews.com/world/ukrainian-drone-strike-russia-causes-earthquake-sized-blast-picked-up-from-space|||https://www.washingtonpost.com/world/2024/09/18/ukraine-russia-blast-drones-missiles-tver/,attack|||drone|||missile|||russia|||ukraine|||ukrainian,0.6712365746498108
"Kentucky judge had lunch with the sheriff now arrested in his killing, court clerk says|||Kentucky judge shot and killed in his chambers, local sheriff arrested, charged in slaying|||‘He Saved Many Lives’: Small Kentucky Community Mourns Slain Judge",https://www.cnn.com/2024/09/22/us/kentucky-judge-mullins-shot-sunday/index.html|||https://www.foxnews.com/us/kentucky-judge-shot-killed-his-chambers-governor|||https://www.nytimes.com/2024/09/22/us/kentucky-judge-shooting-memorial.html,judge|||kentucky|||sheriff,0.6597590446472168
"Arizona may require proof of citizenship on state voter forms for nowDemocrats say the Republican-backed measure could result in eligible voters being removed from Arizona voting rolls before November’s presidential election.By Justin Jouvenal and Ann E. MarimowAugust 22, 2024|||Arizona Supreme Court rules voters caught in proof-of-citizenship glitch can still get ‘full ballot,’ including state races|||Toplines: September 2024 Times/Siena Poll of Arizona Registered Voters",https://www.washingtonpost.com/politics/2024/08/22/arizona-voting-citizenship-proof-election/|||https://www.cnn.com/2024/09/20/politics/arizona-supreme-court-citizenship-voting/index.html|||https://www.nytimes.com/interactive/2024/09/23/us/elections/times-siena-arizona-toplines.html,arizona|||citizenship|||proof|||state|||voter,0.658876895904541
"Fact-checking the ABC News presidential debate|||ABC's shameless debate didn't even survive its own fact-check|||The night the debate moderators pushed backLive fact-checking by ABC’s moderators marked a departure from the first debate, when CNN’s hosts stayed out of the fray.By Elahe IzadiSeptember 10, 2024",https://www.cnn.com/2024/09/10/politics/fact-check-debate-trump-harris/index.html|||https://www.foxnews.com/opinion/abcs-shameless-debate-didnt-even-survive-its-own-fact-check|||https://www.washingtonpost.com/style/media/2024/09/10/live-fact-checking-set-abcs-debate-moderators-apart/,abc|||debate|||fact|||moderator,0.6554298102855682
"At least 17 killed in floods as a month’s worth of rain pounds central Europe|||Death toll rises in European floods; more severe weather expectedAt least 19 people have died in floods in Central Europe, including in Romania, Poland, Austria and the Czech Republic, according to officials.By Ben Brasch, Praveena Somasundaram and Kate BradySeptember 17, 2024|||6 Dead in Japan After Record Rainfall Causes Flooding",https://www.cnn.com/2024/09/16/weather/storm-boris-floods-europe-intl/index.html|||https://www.washingtonpost.com/weather/2024/09/15/europe-flooding-deaths-evacuations/|||https://www.nytimes.com/2024/09/23/world/japan-floods-noto-dead.html,central|||europe|||flood,0.6528738439083099
Key takeaways from the Fed’s decision to deliver a jumbo-sized interest rate cut|||Fed governor explains dissent from first central bank rate cut in four years|||I Worked for the Fed. The Interest Rate Cut Is Only One Step in a Larger Plan.,https://www.cnn.com/2024/09/18/economy/interest-rate-cut-decision/index.html|||https://www.foxbusiness.com/economy/fed-governor-explains-dissent-from-50-basis-point-rate-cut|||https://www.nytimes.com/2024/09/19/opinion/federal-reserve-rate-cut-unemployment.html,fed|||rate,0.6501465141773224
"Speaker Johnson unveils short-term spending bill, urges members to avoid shutdown|||Johnson unveils new plan to avoid shutdown amid tension in GOP, scraps Trump-backed election measure|||Johnson delays funding plan as House GOP rebels ahead of shutdown deadlineThe GOP speaker pulled a six-month spending bill from the floor. A shutdown deadline is less than three weeks off.By Jacob Bogage and Marianna SotomayorSeptember 11, 2024",https://www.cnn.com/2024/09/22/politics/government-funding-bill-unveiled-johnson/index.html|||https://www.foxnews.com/politics/johnson-unveils-plan-avoid-shutdown-tension-gop-scraps-trump-backed-election-measure|||https://www.washingtonpost.com/business/2024/09/11/house-republicans-rebel-funding-plan/,gop|||johnson|||plan|||shutdown|||speaker|||spending,0.6471468806266785
"Video shows aftermath of Israel’s strike in Beirut|||Israel says it conducted retaliatory strikes against Hezbollah in Lebanon, struck Hamas in Gaza|||For Americans scarred by Beirut bombings, a measure of delayed justice",https://www.cnn.com/2024/09/20/world/video/southern-beirut-israel-warplane-airstrike-hezbollah-senior-official-digvid|||https://www.foxnews.com/world/israel-says-conducted-retaliatory-strikes-against-hezbollah-lebanon-struck-hamas-gaza|||https://www.washingtonpost.com/national-security/2024/09/21/beirut-bombings-marines-hezbollah/,beirut|||israel|||strike,0.6225437521934509
Three Mile Island is reopening and selling its power to Microsoft|||Microsoft deal to power new tech will reopen notorious nuclear plant|||Microsoft deal would reopen Three Mile Island nuclear plant to power AI,https://www.cnn.com/2024/09/20/energy/three-mile-island-microsoft-ai/index.html|||https://www.foxbusiness.com/energy/microsoft-deal-would-reopen-pennsylvania-nuclear-plant-site-1979-partial-meltdown-power-ai|||https://www.washingtonpost.com/business/2024/09/20/microsoft-three-mile-island-nuclear-constellation/,island|||microsoft|||mile|||nuclear|||plant|||power,0.6159661114215851
"ColumnOh, so Trump thinks Jewish people have disproportionate political power?By Philip Bump|||Rep. Raskin reacts to Trump’s criticism of Jewish voters|||Donald Trump supports Israel",https://www.washingtonpost.com/politics/2024/09/20/trump-jewish-americans-israel/|||https://www.cnn.com/2024/09/20/us/video/the-lead-antisemitism-donald-trump-gop-2024-voters-election-jake-tapper|||https://www.foxnews.com/opinion/morning-glory-donald-trump-supports-israel,jewish,0.6134031414985657
"What’s next in the federal investigation into Sean ‘Diddy’ Combs and his alleged co-conspirators|||Fox News Entertainment Newsletter: Sean 'Diddy' Combs' sex trafficking probe, Eva Mendes' future in acting|||Sean Combs and the Limits of the ‘Family Man’ Defense",https://www.cnn.com/2024/09/20/entertainment/whats-next-sean-diddy-combs/index.html|||https://www.foxnews.com/entertainment/fox-news-entertainment-newsletter-sean-diddy-combs|||https://www.nytimes.com/2024/09/21/opinion/sean-combs-family-man-defense.html,comb|||diddy|||sean,0.604596883058548
"Harris isn’t giving the specifics some undecided voters say they want|||Senior Harris campaign aide says voters shouldn't 'read too much' into Harris' lack of interviews|||AnalysisMore voters expect Harris to win. Here’s why that could actually matter.Polls increasingly show voters predicting a Harris victory. Some research suggests that people are actually pretty good at predicting these things.By Aaron BlakeSeptember 19, 2024",https://www.cnn.com/2024/09/18/politics/harris-policy-specifics-analysis/index.html|||https://www.foxnews.com/media/harris-campaign-aide-argues-voters-shouldnt-read-too-much-lack-interviews|||https://www.washingtonpost.com/politics/2024/09/19/more-voters-expect-harris-win-heres-why-that-could-actually-matter/,harris|||voter,0.5988835394382477
Trump explains why he will not accept CNN debate against Harris|||Republican senator demands ABC News turn over debate communications with Harris campaign: 'Biased agenda'|||Harris shows gains in latest Post polling average; Trump resists another debate,https://www.cnn.com/2024/09/21/politics/video/trump-harris-presidential-cnn-debate-digvid|||https://www.foxnews.com/media/republican-senator-demands-abc-news-turn-over-debate-communications-harris-campaign-biased-agenda|||https://www.washingtonpost.com/elections/2024/09/22/2024-election-campaign-updates-harris-trump/,debate|||harris|||trump,0.5958766341209412
"Caitlin Clark’s WNBA playoff debut ends with a loss and a black eyeAfter taking a blow to the face, Clark struggled to 11 points on 4-for-17 shooting as the Fever lost Game 1 to the Sun. Another loss would end Indiana’s season.By Ben GolliverSeptember 22, 2024|||WNBA round-up: Playoff picture set as record-breaking regular season comes to a close|||Caitlin Clark brushes off eye injury as catalyst for poor playoff game: 'We played a crappy game'",https://www.washingtonpost.com/sports/2024/09/22/caitlin-clark-wnba-debut-fever-sun/|||https://www.cnn.com/2024/09/20/sport/wnba-regular-season-final-day-spt-intl/index.html|||https://www.foxnews.com/sports/caitlin-clark-brushes-off-eye-injury-catalyst-poor-playoff-game-we-played-crappy-game,caitlin|||clark|||game|||loss|||playoff|||wnba,0.5906282067298889
"Biden and U.K.’s Starmer meet amid storm over Ukraine weaponsSeptember 13|||Biden signals openness to using Western long-range missiles inside Russia as he meets Britain’s leader to discuss|||As U.N. Meets, Pressure Mounts on Biden to Loosen Up on Arms for Ukraine",https://www.washingtonpost.com/politics/2024/09/13/biden-starmer-ukraine-weapons-white-house/|||https://www.cnn.com/2024/09/13/politics/biden-starmer-meeting-ukraine-missiles/index.html|||https://www.nytimes.com/2024/09/23/world/europe/as-un-meets-pressure-mounts-on-biden-to-loosen-up-on-arms-for-ukraine.html,biden|||ukraine,0.5899735391139984
"Harris’ cash edge funds advertising blitz as Elon Musk cuts big check to House Republicans, new filings show|||Harris wants to grow our broken government. With Elon Musk, Trump is thinking outside the box|||Elon Musk’s pro-Trump super PAC ramps up swing state operations",https://www.cnn.com/2024/09/21/politics/fundraising-harris-trump-elon-musk/index.html|||https://www.foxnews.com/opinion/harris-wants-grow-our-broken-government-elon-musk-trump-thinking-outside-box|||https://www.washingtonpost.com/politics/2024/09/15/musk-trump-super-pac/,elon|||harris|||musk|||trump,0.5858131051063538
"Vance’s team was told Haitian immigrant rumors were false before debate, Springfield mayor confirms|||OpinionSpringfield and its Haitian immigrants deserve a better national debateA debate about a vicious unfounded rumor won’t help American cities cope with an influx of new migrants.Letters to the EditorSeptember 18, 2024|||Why Is Trump Spreading Rumors About Haitian Immigrants? Rousseau Knows.",https://www.cnn.com/2024/09/20/politics/springfield-ohio-vance-campaign-wsj-report/index.html|||https://www.washingtonpost.com/opinions/2024/09/18/springfield-migrants-pets-trump-haiti/|||https://www.nytimes.com/2024/09/23/opinion/trump-springfield-haitian-immigrants.html,debate|||haitian|||immigrant|||rumor,0.5849779546260834
"An explosive California wildfire looked like a bomb went off from space – here’s what’s happening|||'Unluckiest woman' evacuates from California wildfires after surviving multiple natural disasters|||Photos show devastation from raging wildfires in Southern CaliforniaSmoke rose behind the L.A. skyline and blanketed the Mountain High ski resort. The Bridge, Line and Airport fires have together burned more than 100,000 acres.By Jintak Han and Dominique HildebrandSeptember 12, 2024",https://www.cnn.com/2024/09/12/weather/california-line-fire-clouds/index.html|||https://www.foxnews.com/lifestyle/unluckiest-woman-evacuates-california-wildfires-surviving-multiple-natural-disasters|||https://www.washingtonpost.com/photography/2024/09/12/california-wildfire-airport-bridge-line-photos/,california|||wildfire,0.5849747359752655
"Trump dangles tax relief targeted toward the voters he’s hoping to win|||Trump turns to outlandish promises to offset $7 trillion in tax cutsThe former president pushes a sovereign wealth fund, unrealistic promises over a spending commission and exaggerated claims about tax cuts.By Jeff SteinSeptember 6, 2024|||How Trump Could Upend Taxation in America",https://www.cnn.com/2024/09/21/politics/tax-cuts-donald-trump-election/index.html|||https://www.washingtonpost.com/business/2024/09/06/trump-tax-cuts-deficit/|||https://www.nytimes.com/2024/09/22/us/politics/trump-tax-plan.html,promise|||tax|||trump,0.5816928744316101
"'Beetlejuice Beetlejuice' wins box office over 'Transformers: One' in surprise twist|||Review‘Transformers One’ is better than Bay, and that ’80s show, tooThis star-studded cartoon prequel has more stylish soul than Michael Bay’s live-action version.By Amy NicholsonSeptember 19, 2024|||‘Transformers One’ | Anatomy of a Scene",https://www.foxbusiness.com/entertainment/beetlejuice-beetlejuice-wins-box-office-over-transformers-one-surprise-twist|||https://www.washingtonpost.com/entertainment/movies/2024/09/19/transformers-one-movie-review/|||https://www.nytimes.com/video/movies/100000009705881/transformers-one-scene.html,bay|||beetlejuice|||transformer,0.5784160196781158
"Fox News Politics: Kamala's House Calls|||Kamala Harris is doing more press interviews, if you look closely|||How Kamala Harris can improve on Biden’s White HouseOpinion by Jennifer Rubin",https://www.foxnews.com/politics/fox-news-politics-kamalas-house-calls|||https://www.cnn.com/2024/09/19/media/kamala-harris-press-strategy-local-media/index.html|||https://www.washingtonpost.com/opinions/2024/08/29/changes-harris-improve-biden-white-house/,harris|||kamala,0.5774032771587372
"See past interviews with suspect in apparent Trump assassination attempt|||95% negative coverage of Trump on ABC, CBS, NBC after 2nd assassination attempt: report|||AnalysisFact-checking 55 suspect claims, mostly Trump’s, in debate with HarrisTrump, on the defensive, makes four times more suspect claims than Harris.By Glenn KesslerSeptember 11, 2024",https://www.cnn.com/2024/09/16/politics/video/ryan-routh-interviews-ukraine-digvid|||https://www.foxnews.com/media/95-negative-coverage-trump-abc-cbs-nbc-after-2nd-assassination-attempt-report|||https://www.washingtonpost.com/politics/2024/09/11/fact-check-presidential-debate-harris-trump/,assassination|||attempt|||claim|||suspect|||trump,0.5771622955799103
"Trump uses debate to spread election falsehoods, defend role in riot|||Elon Musk boosts fake Trump rally bomb threat and false claims about the election|||The Trump Guide to Civil Discourse",https://www.washingtonpost.com/politics/2024/09/11/trump-jan-6-election-falsehoods-debate/|||https://www.cnn.com/2024/09/18/media/elon-musk-trump-rally-bomb-election-misinformation/index.html|||https://www.nytimes.com/2024/09/20/opinion/trump-political-violence-rhetoric.html,election|||trump,0.5765165984630585
Kamala Harris vs. Donald Trump is the closest presidential race of the century|||Kamala Harris lacks the minimum skills to serve as president|||Comparing where Kamala Harris and Donald Trump stand on key policy positions,https://www.cnn.com/2024/09/22/politics/closest-presidential-race-harris-trump/index.html|||https://www.foxnews.com/opinion/morning-glory-kamala-harris-lacks-minimum-skills-set-president|||https://www.washingtonpost.com/politics/interactive/2023/presidential-candidates-2024-policies-issues/,donald|||harris|||kamala|||trump,0.5738598704338074
"Trump rallies in North Carolina as controversy engulfs his handpicked candidate for governor|||(Chuck Burton/AP)Democrats hope Mark Robinson scandal will damage Trump and change 2024 mapNorth Carolina is critical to Trump’s paths to victory, and polls showed him even with Harris there even before scandal enveloped the GOP gubernatorial nominee.By Hannah Knowles, Cleve R. Wootson Jr. and Amy Gardner|||At a Rally in North Carolina, Trump Avoids Topic A: Mark Robinson",https://www.cnn.com/2024/09/21/politics/donald-trump-north-carolina-mark-robinson/index.html|||https://www.washingtonpost.com/politics/2024/09/20/mark-robinson-cnn-report-north-carolina-election/|||https://www.nytimes.com/2024/09/21/us/politics/donald-trump-mark-robinson-rally.html,carolina|||mark|||north|||rally|||robinson|||scandal|||trump,0.5733002722263336
"GOP strategist not surprised about shakeup in Mark Robinson’s campaign. Hear why|||AnalysisMark Robinson is a Trump problem of Trump’s own makingTrump has foisted damaging candidates on the GOP for years. They’ve hurt the party more than him personally, but that could be changing in North Carolina.By Aaron BlakeSeptember 19, 2024|||Trump’s Base in North Carolina Still Supports Mark Robinson, but Some Doubt He Can Win",https://www.cnn.com/2024/09/22/politics/video/nc-mark-robinson-campaign-shakeup-nr-heye-intv-digvid|||https://www.washingtonpost.com/politics/2024/09/19/mark-robinson-is-trump-problem-trumps-own-making/|||https://www.nytimes.com/2024/09/21/us/politics/trump-base-north-carolina-mark-robinson.html,gop|||mark|||north|||robinson|||trump,0.5729774236679077
"How the Trump-Harris debate dominated Americans’ political conversation and elevated false claims about migrants|||From Trump Country, an argument for welcoming immigrantsOpinion by Gary Abernathy|||On the Trail, Trump and Vance Sharpen a Nativist, Anti-Immigrant Tone",https://www.cnn.com/2024/09/21/politics/breakthrough-polling-project-trump-harris-migrants/index.html|||https://www.washingtonpost.com/opinions/2022/12/12/migrant-farm-labor-national-security/|||https://www.nytimes.com/2024/09/22/us/politics/trump-vance-nativist.html,trump,0.5673559308052063
"Harris accepts CNN debate invitation for October 23, again challenging Trump to another showdown|||64 days: Kamala Harris has yet to do formal press conference since emerging as Democratic nominee|||OpinionIn the shadow of Trump, a Harris candidacy takes shapeThe vice president won Tuesday’s presidential debate on both tone and substance.By the Editorial BoardSeptember 11, 2024",https://www.cnn.com/2024/09/21/politics/presidential-debate-harris-trump-cnn/index.html|||https://www.foxnews.com/media/64-days-kamala-harris-has-yet-do-formal-press-conference-since-emerging-democratic-nominee|||https://www.washingtonpost.com/opinions/2024/09/11/kamala-harris-donald-trump-debate-won/,debate|||harris|||trump,0.5664225816726685
"Fact check: Trump falsely claims Harris met with Putin before Ukraine invasion|||Trump assassination attempt suspect had 'delusions of grandeur' while recruiting for Ukrainian cause: report|||Suspected Trump golf course gunman tried to join Ukraine war, faced weapons chargesWhat we know about the suspected gunman in the apparent Trump assassination attempt.By David Nakamura, Aaron Schaffer, Cat Zakrzewski and Devlin BarrettSeptember 15, 2024",https://www.cnn.com/2024/08/21/politics/fact-check-trump-harris-putin-meeting-ukraine/index.html|||https://www.foxnews.com/us/trump-assassination-attempt-suspect-had-delusions-grandeur-while-recruiting-ukrainian-cause-report|||https://www.washingtonpost.com/national-security/2024/09/15/ryan-wesley-routh-trump-assassination-attempt-suspect/,assassination|||gunman|||trump|||ukraine,0.5648182332515717
"Trump has a plan for economic prosperity, Harris does not|||The Harris agenda emerges: Populism with a ‘healthy dose of centrism’Kamala Harris’s new economic policy blends left-leaning populism with centrist tax plans to address business leaders’ concerns.By Jeff SteinSeptember 9, 2024|||Kamala Harris Has Proposed an ‘Opportunity Economy.’ This Is How to Make It a Reality.",https://www.foxnews.com/opinion/trump-has-plan-economic-prosperity-harris-does-not|||https://www.washingtonpost.com/business/2024/09/09/kamala-harris-economy-policy/|||https://www.nytimes.com/2024/09/20/opinion/kamala-harris-opportunity-economy.html,economic|||harris|||plan|||populism,0.5644163191318512
"SEAN HANNITY: Kamala Harris is not your typical Democrat|||AnalysisFact-checking Kamala Harris at the Democratic convention on Day 4Harris errs on Trump’s Social Security record and twists a Trump quote on Russia.By Glenn KesslerAugust 23, 2024|||JD Vance Is Wrong — Kamala Harris Isn’t Changing Her Accent",https://www.foxnews.com/media/sean-hannity-kamala-harris-not-your-typical-democrat|||https://www.washingtonpost.com/politics/2024/08/23/fact-check-dnc-kamala-harris-day-4/|||https://www.nytimes.com/2024/09/23/opinion/kamala-harris-code-switching.html,harris|||kamala|||trump,0.5632134974002838
Meet NASA’s newest tool to fight climate change|||Letter from the EditorClimate Solutions spotlights the work of people confronting the challenge of climate change and helps readers understand how they can make a difference as individuals.By Matt Murray|||They’ve Got a Plan to Fight Global Warming. It Could Alter the Oceans.,https://www.cnn.com/2024/09/03/climate/video/nasa-sea-robot-climate-change-antarctic-ice-weir-digvid|||https://www.washingtonpost.com/climate-solutions/2024/09/17/letter-editor-matt-murray-climate/|||https://www.nytimes.com/2024/09/23/climate/theyve-got-a-plan-to-fight-global-warming-it-could-alter-the-oceans.html,change|||climate,0.5612906217575073
"U.S. plans to present ‘take it or leave it’ Israel-Gaza cease-fire deal soonSeptember 1|||Middle East on the precipice again after Hezbollah leader vows retribution and Israel launches strikes. Here’s what we know|||Kirby slams Hamas chief Sinwar as 'the major obstacle' to cease-fire, hostage release deal with Israel",https://www.washingtonpost.com/politics/2024/09/01/biden-israel-gaza-ceasefire-deal/|||https://www.cnn.com/2024/09/20/middleeast/hezbollah-israel-attacks-fallout-explainer-intl-hnk/index.html|||https://www.foxnews.com/politics/kirby-slams-hamas-chief-sinwar-the-major-obstacle-reaching-cease-fire-hostage-release-deal-israel,deal|||israel,0.5552595257759094
"Stuart Varney: Kamala Harris' fracking promises ring hollow|||The ‘feral 25-year-olds’ making Kamala Harris go viral on TikTok|||The Long, Strange Saga of Kamala Harris and Kimberly Guilfoyle",https://www.foxbusiness.com/media/stuart-varney-kamala-harris-fracking-promises-ring-hollow|||https://www.washingtonpost.com/technology/2024/09/13/harris-tiktok-social-media-team/|||https://www.nytimes.com/2024/09/23/us/politics/the-long-strange-saga-of-kamala-harris-and-kimberly-guilfoyle.html,harris|||kamala,0.5544878840446472
"Tired of shutdown threats? Try to understand the weird way the US government gets money|||Congress has less than a week to avert government shutdown with no deal in sight|||OpinionThreatening a shutdown, Trump reminds voters what his first term was really likeRepublicans threaten to hold up funding the government unless Congress makes voting harder.By the Editorial BoardSeptember 9, 2024",https://www.cnn.com/2024/09/22/politics/us-government-funding-shutdown-what-matters/index.html|||https://www.foxnews.com/politics/congress-has-one-more-week-session-avert-government-shutdown|||https://www.washingtonpost.com/opinions/2024/09/09/shutdown-trump-save-act-voting/,congress|||government|||shutdown,0.5516917407512665
"Kamala Harris shredded for word salad repeating the phrase 'children of the community:' 'Why is she like this'|||Why Kamala Harris has embraced America’s oil boom|||Padma Lakshmi: As a Cook, Here’s What I See in Kamala Harris",https://www.foxnews.com/media/kamala-harris-shredded-word-salad-repeating-phrase-children-community-why-she-like-this|||https://www.washingtonpost.com/climate-environment/2024/09/11/kamala-harris-fracking-gas-climate-change/|||https://www.nytimes.com/2024/09/21/opinion/padma-lakshmi-kamala-harris-cooking.html,harris|||kamala,0.5498906672000885
"AnalysisFact-checking 55 suspect claims, mostly Trump’s, in debate with HarrisTrump, on the defensive, makes four times more suspect claims than Harris.By Glenn KesslerSeptember 11, 2024|||Fact check: Trump makes more than 20 false claims in RNC acceptance speech|||Trump assassination attempt: Why Florida prosecutor says ‘insanity’ defense won’t stick for suspect",https://www.washingtonpost.com/politics/2024/09/11/fact-check-presidential-debate-harris-trump/|||https://www.cnn.com/2024/07/18/politics/fact-checking-night-4-republican-national-convention-trump/index.html|||https://www.foxnews.com/us/trump-assassination-attempt-why-florida-prosecutor-says-insanity-defense-wont-stick-suspect,claim|||suspect|||trump,0.5475455522537231
"The Haitian Times covered the false claims targeting Springfield. Now it’s also facing attacks|||How the Haitian Times is covering dangerous rumors in OhioSince Trump’s comments, the Haitian Times has experienced a canceled forum, hateful comments and a false police report targeted at its editor. It remains undeterred.By Jeremy BarrSeptember 18, 2024|||Threats Against Haitians Land at the Doorstep of The Haitian Times",https://www.cnn.com/2024/09/18/media/haitian-times-springfield-ohio-immigrants-false-claim/index.html|||https://www.washingtonpost.com/style/media/2024/09/18/haitian-times-springfield-ohio-rumors/|||https://www.nytimes.com/2024/09/19/business/media/haitian-times-threats-springfield-trump.html,comment|||false|||haitian|||time,0.5473035275936127
AI and the hospital of the future|||AI shouldn't decide who dies. It's neither human nor humane|||What all parents can learn from the troubled AI in Los Angeles schoolsAugust 23,https://www.cnn.com/2024/09/23/business/video/hospital-of-the-future-spc|||https://www.foxnews.com/opinion/ai-shouldnt-decide-who-dies-its-neither-human-nor-humane|||https://www.washingtonpost.com/technology/2024/08/23/ai-schools-education-parents-los-angeles-lausd/,ai,0.5422918498516083
"Officer fatally shoots man in Montgomery during confrontation, police sayThe man had an object and did not comply with commands after an alleged assault on the 3400 block of Janet Road, police said.By Dan Morse and Martin WeilSeptember 22, 2024|||Birmingham officer vows to ‘hunt down’ whoever is responsible for shooting|||Secret Service uniformed officer accidentally shoots himself while on duty",https://www.washingtonpost.com/dc-md-va/2024/09/21/montgomery-police-shoot-involved-wound/|||https://www.cnn.com/2024/09/22/us/video/birmingham-alabama-shooting-officer-sot-digvid|||https://www.foxnews.com/us/secret-service-uniformed-officer-accidentally-shoots-himself-while-duty,man|||officer|||police,0.5405304431915283
"In this free speech fight, Musk’s X has marked the right positionOpinion by the Editorial Board|||Brazil’s Supreme Court threatens to suspend X amid ongoing Musk row|||SEC wants to sanction Musk in Twitter probe over failure to appear in court",https://www.washingtonpost.com/opinions/2024/09/04/elon-musk-x-brazil-judge-speech/|||https://www.cnn.com/2024/08/29/tech/brazils-supreme-court-threatens-x-intl/index.html|||https://www.foxbusiness.com/fox-news-tech/sec-seek-sanctions-against-elon-musk-twitter-probe-over-failure-appear-court,court|||musk,0.5327188670635223
"Parents of 22-year-old American held by Hamas speak out: 'They're holding our children'|||Slain Israeli hostage held by Hamas in ‘inhuman’ conditions underneath Gaza, sisters tell CNN|||American family’s quest to save son held captive in Gaza ends in heartbreakSeptember 1",https://www.foxnews.com/lifestyle/parents-22-year-old-american-held-hamas-speak-theyre-holding-our-children|||https://www.cnn.com/2024/09/20/middleeast/israel-hamas-eden-yerushalmi-sisters-interview-intl/index.html|||https://www.washingtonpost.com/nation/2024/09/01/hersh-goldberg-polin-israel-hamas-hostages/,american|||gaza|||hamas,0.5301127135753632
"Netanyahu considering plan to force all Palestinian civilians out of northern Gaza to besiege Hamas|||Iranian Netanyahu assassination plot foiled, Israeli man charged|||U.S. plans to present ‘take it or leave it’ Israel-Gaza cease-fire deal soonSeptember 1",https://www.cnn.com/2024/09/22/middleeast/netanyahu-gaza-hamas-expulsions-plan-intl/index.html|||https://www.foxnews.com/world/iranian-netanyahu-assassination-plot-foiled-israeli-man-charged|||https://www.washingtonpost.com/politics/2024/09/01/biden-israel-gaza-ceasefire-deal/,gaza|||netanyahu|||plan,0.528441458940506
"America’s economic engine is still revving, despite fears of a slowdown|||Will U.S. return to easy money era?|||The Chinese economy is faltering — and that means more trade tensionsGrowth in the world’s second-largest economy is slowing and stock markets are in decline, but the Chinese government remains reluctant to act.By Katrina NorthropSeptember 20, 2024",https://www.cnn.com/2024/09/17/economy/us-retail-sales-august/index.html|||https://www.foxbusiness.com/economy/u-s-return-easy-money-era|||https://www.washingtonpost.com/world/2024/09/20/chinese-economy-slowdown-real-estate-crisis/,chinese|||economy,0.5279470086097717
